,Title of the video,Type of Video
0,Everything Happens For A Reason | Muniba Mazari,Sprituality__##__General Knowledge
1,Detachment from Overthinking & Stress | Boost Positive Healing Energy | DEEP THETA Binaural Beats,Sprituality__##__Mental Health__##__Chill Mix
2,I Meditated Every Day & This Is What Happened To Me... | Russell Brand,Sprituality__##__Mental Health
3,Vipassanā Meditation: a daily meditation timer. 60 minutes. Bell every 5. (Meditation videos series),Mental Health
4,Why Meditate? | Change your Brain's Default Mode,Sprituality__##__Science__##__Mental Health
5,DOPAMINE DETOX: Get Your Life Back Together,Mental Health
6,Joe Rogan - How To Workout Smarter,Fitness
7,Why The Mind Hates Meditation,Sprituality__##__Mental Health
8,TAOISM | The Art of Not Trying,Sprituality__##__Mental Health
9,Don't Let Your Aliveness Go Down | Sadhguru,Sprituality__##__Mental Health
10,Do You Know who You Are?,Sprituality
11,The Art of Effortless Living (Taoist Documentary),Sprituality__##__Mental Health
12,Karma Yoga: The Path of Action (Part 1) | Swami Sarvapriyananda,Sprituality__##__General Knowledge
13,Karma Yoga: The Path of Action (Part 2) | Swami Sarvapriyananda,Sprituality__##__General Knowledge
14,Catastrophizing-How to stop making yourself depressed and anxious (Thinking Error) Skill #6,Therapy__##__Mental Health
15,Don't Be Too Serious - By Sandeep Maheshwari I Hindi,General Knowledge
16,How to Conquer your Biggest Fear? By Sandeep Maheshwari I Hindi,General Knowledge
17,Freedom From Stress & Pressure - By Sandeep Maheshwari I Hindi,General Knowledge
18,HABITS For Beautiful Relationships: BK Shivani at Silicon Valley (English),Sprituality__##__Socializing
19,Fear Of Losing People: Part 2: BK Shivani (English),Sprituality
20,"How To UNCONDITIONALLY Love Someone?: BK Shivani at Seattle, Washington (English)",Sprituality
21,Holding On Or LETTING GO?: BK Shivani at Orange County (English),Sprituality
22,Your Thoughts ATTRACT Your LIFE: BK Shivani at Orange County (English),Sprituality
23,"LOVE YOURSELF When People DISRESPECT YOU: BK Shivani at Novato, California (English)",Sprituality__##__General Knowledge
24,Dialectical Behavior Therapy (DBT) Part 1 | Continuing Education for Mental Health Counselors,Therapy__##__Mental Health
25,Dialectical Behavior Therapy- Part 2 Mindfulness,Therapy__##__Mental Health
26,DBT Skills Emotion Regulation | Counselor Toolbox Podcast with Dr. Dawn-Elise Snipes,Therapy__##__Mental Health
27,Dialectical Behavior Therapy Developing Distress Tolerance Skills with Dr. Dawn-Elise Snipes,Therapy__##__Mental Health
28,Dialectics: Learning How to Find Balance and Walk the Middle Path,Therapy__##__Mental Health
29,Dialectical Behavior Therapy Skills Interpersonal effectiveness,Therapy__##__Mental Health
30,Problem Solving Skills | Counselor Toolbox Episode 126,Therapy__##__Mental Health
31,"How the Food You Eat Affects Your Mind,Meditation and Spiritual Growth? (Must Watch!)",Sprituality
32,This Simple Practice Will Intensify Your Longing for Self-realization!,Sprituality
33,"If You Master This One Discipline, There is Nothing You Can't Accomplish in This World!",Sprituality
34,Enlightenment Experience - How Swami Vivekananda Attained Enlightenment? (As Explained by Himself),Sprituality
35,Enlightenment Experience - Ramana Maharshi's Enlightenment Experience (As explained by Himself),Sprituality
36,Feeling Frustrated and Hopeless on the Spiritual Path? Then Try This and See What Happens!,Sprituality
37,Joe Rogan Once Did DMT 3 Times in One Day,Psychedelics
38,Psychedelics: effects on the human brain and physiology | Simeon Keremedchiev | TEDxVarna,Psychedelics
39,The first 20 hours -- how to learn anything | Josh Kaufman | TEDxCSU,General Knowledge
40,The Dark Net isn't what you think. It's actually key to our privacy | Alex Winter | TEDxMidAtlantic,Privacy
41,Biophysicist discovers new life after death: Joyce Hawkes at TEDxBellevue,General Knowledge
42,James Simons (full length interview) - Numberphile,General Knowledge__##__Mathematics
43,"Jim Gates: Supersymmetry, String Theory and Proving Einstein Right | Artificial Intelligence Podcast",Physics__##__Artificial Intelligence
44,How not to take things personally? | Frederik Imbo | TEDxMechelen,General Knowledge
45,The secret to self control | Jonathan Bricker | TEDxRainier,General Knowledge
46,How to Achieve Your Most Ambitious Goals | Stephen Duneier | TEDxTucson,General Knowledge
47,The Discipline of Finishing: Conor Neill at TEDxUniversidaddeNavarra,General Knowledge
48,Can Magic Mushrooms Unlock Depression? | Rosalind Watts | TEDxOxford,Psychedelics
49,How to motivate yourself to change your behavior | Tali Sharot | TEDxCambridge,General Knowledge
50,"Own Your Behaviours, Master Your Communication, Determine Your Success | Louise Evans | TEDxGenova",Socializing
51,Why is the Science of Nutrition Ignored in Medicine? | T. Colin Campbell | TEDxCornellUniversity,General Knowledge
52,Reading minds through body language | Lynne Franklin | TEDxNaperville,General Knowledge
53,Reading Body Language | Janine Driver | TEDxDeerPark,General Knowledge
54,The skill of self confidence | Dr. Ivan Joseph | TEDxRyersonU,General Knowledge
55,Psychedelics: Exploring the Brain | David Erritzøe | TEDxAarhus,Psychedelics
56,10 Mind-Blowing Realizations I had on LSD,Psychedelics
57,What is Death? (and why you're so afraid of it),Sprituality__##__General Knowledge
58,Cleansing Heart and Mind Session,Sprituality
59,The Neuroscience of Psychedelics,Psychedelics__##__Neuroscience
60,Joe Rogan's DMT Experiences,Psychedelics
61,Joe Rogan - Is DMT a Portal to Another Dimension?,Psychedelics
62,What Is DMT? Joe Rogan,Psychedelics
63,What Have You Forgotten? - Alan Watts,Sprituality
64,Mike Tyson on Doing DMT | Joe Rogan,Psychedelics
65,Contemplating Brahman at Dawn | Swami Sarvapriyananda,Sprituality
66,"DMT ""BREAKTHROUGH""- 10 Lessons I Learned",Psychedelics
67,How to Stop Overthinking and Find Peace,Mental Health
68,How to Love Yourself,Mental Health
69,Your brain hallucinates your conscious reality | Anil Seth,Neuroscience__##__General Knowledge
70,Amor Fati | Stoic Exercises For Inner Peace,Stoicism
71,7 Stoic Exercises For Inner Peace,Stoicism
72,Why The Mind HatesMeditation,Meditation
73,Searching for love to escape ourselves | Hayley Quinn | TEDxUniversityofNevada,Mental Health
74,The pleasure trap: Douglas Lisle at TEDxFremont,Mental Health
75,Ancient Secrets of a Master Healer: Deeper Healing Solutions | Dr Clint Rogers | TEDxWilmington,Ayurveda
76,My State of Consciousness:Lucid Dreaming | Habiba Awada | TEDxPhoeniciaU,Lucid Dreaming
77,Happiness is all in your mind: Gen Kelsang Nyema at TEDxGreenville 2014,Sprituality
78,HowMeditation Changed My Life | Mamata Venkat | TEDxWayPublicLibrary,Meditation
79,"Words that Will Change Your Life - I CAN, I MUST, and I WILL (Very Helpful Advice)",Sprituality
80,Lucid dreaming: Tim Post at TEDxTwenteU,Lucid Dreaming
81,"Joe Rogan on People Who Choose to Not Workout, ""It's Silly""",Fitness
82,How the worst moments in our lives make us who we are | Andrew Solomon,Mental Health
83,How To Get Your Prayers Answered? Paramahansa Yogananda on How To Utilize the Power of Prayers?,Sprituality
84,Revealing the Mind: The Promise of Psychedelics,Psychedelics
85,Psychedelic assisted Psychotherapy,Psychedelics
86,1 Year ofMeditation: What I've Learned,Meditation
87,Physicist Sean Carroll Explains Parallel Universes to Joe Rogan,Science
88,Purposeful living with Vedanta | Swami Sarvapriyananda| Swami Sarvapriyananda lectures 2020,Sprituality
89,Outrageous Experiments In Consciousness - 30 Awakenings In 30 Days,Psychedelics
90,A simple way to break a bad habit | Judson Brewer,Mental Health
91,Psychosis or Spiritual Awakening: Phil Borges at TEDxUMKC,Sprituality__##__Mental Health
92,The Hidden Harmony Beyond Order and Chaos,Sprituality
93,How to Reset Your Mind: 24 Hour Dopamine/Water Fast,Mental Health
94,How not to take things personally? | Frederik Imbo | TEDxMechelen,Mental Health
95,"How out-of-body experiences could transform yourself and society | Nanci Trivellato | TEDxPassoFundo
",Mental Health__##__Sprituality
96,ADHD Relief - Increase Focus / Concentration / Memory - Binaural Beats - Focus Music,Mental Health__##__Chill Mix
97,Apni Kismat Ko Badalna Seekho - By Sandeep Maheshwari,Mental Health
98,How to control your Mind? By Sandeep Maheshwari I Hindi,Mental Health
99,How to get rid of your Negative Thoughts? By Sandeep Maheshwari (in Hindi),Mental Health
100,The things you'll find in higher dimensions,Mathematics
101,"If higher dimensions exist, they aren't what you think | Exploring Worlds Beyond Our Own",Mathematics
102,The Mathematics of our Universe,Mathematics
103,What does the Laplace Transform really tell us? A visual explanation (plus applications),Mathematics
104,The beauty of complex numbers,Mathematics
105,The algorithm that started google,Mathematics
106,The Mathematics of Cryptography,Mathematics
107,Cryptography | The Mathematics of RSA and the Diffie-Hellman Protocol,Mathematics
108,The Mathematics Used to Solve Crime,Mathematics
109,Bayes Theorem and some of the mysteries it has solved,Mathematics
110,The Applications of Matrices | What I wish my teachers told me way earlier,Mathematics
111,The applications of eigenvectors and eigenvalues | That thing you heard in Endgame has other uses,Mathematics
112,"The Mathematics of Signal Processing | The z-transform, discrete signals, and more",Mathematics
113,The intuition behind Fourier and Laplace transforms I was never taught in school,Mathematics
114,What if the universe had a higher dimensional twist in it?,Mathematics
115,The Mathematics of Symmetry,Mathematics
116,You're wrong about more than you think.,Mathematics
117,The Friendship Paradox | This is in your recommended because it relates to the spread of diseases,Mathematics
118,The Sound of Silence - By Sandeep Maheshwari (in Hindi),Sprituality
119,Overcoming Fear & Anger - By Sandeep Maheshwari I Hindi,Mental Health
120,Part 1 of 2 - How to know God? By Sandeep Maheshwari (in Hindi),Sprituality
121,Part 2 of 2 - How to know God? By Sandeep Maheshwari (in Hindi),Sprituality
122,How to Conquer Yourself? By Sandeep Maheshwari I Hindi I Change Your Mind,Sprituality
123,How to Make your Body Fit & Active? By Sandeep Maheshwari I Hindi,Fitness
124,Game of Life - By Sandeep Maheshwari I Hindi I Be Fearless & Live With Confidence,Mental Health
125,Failing at Normal: An ADHD Success Story | Jessica McCabe | TEDxBratislava,Mental Health
126,Making ADHD your Superpower | George Cicci | TEDxWVU,Mental Health
127,"ADHD sucks, but not really | Salif Mahamane | TEDxUSU",Mental Health
128,Unwavering Focus | Dandapani | TEDxReno,Mental Health
129,The art of focus – a crucial ability | Christina Bengtsson | TEDxGöteborg,Mental Health
130,Master Shi Heng Yi – 5 hindrances to self-mastery | Shi Heng YI | TEDxVitosha,Mental Health
131,Generation of Ideas through spiritual practices | Walter Gjergja | TEDxKazan,Mental Health__##__Sprituality
132,Consciousness -- the final frontier | Dada Gunamuktananda | TEDxNoosa 2014,Sprituality
133,VipassanaMeditation and Body Sensation: Eilona Ariel at TEDxJaffa 2013,Meditation
134,Lucid dreams as a bridge between realities | Chongtul Rinpoche | TEDxFultonStreet,Lucid Dreaming
135,TheScience Of Yogic Breathing | Sundar Balasubramanian | TEDxCharleston,Fitness
136,Toward a Fundamental Theory of Physics (Stephen Wolfram) | AI Podcast Clips,Science
137,What is Love (प्यार क्या है) By Sandeep Maheshwari,Sprituality
138,"What is Self Love? By Sandeep Maheshwari | Hindi
",Sprituality
139,"How to Listen to Your ""Inner Voice"" (Speak with your HIGHER SELF...)",Sprituality
140,The Power Of Your Subconscious Mind by Joseph Murphy (2018),Mental Health
141,How to Be Your Own Best Friend by Mildred Newman & Bernard Berkowitz,Mental Health
142,Letting Go by David R. Hawkins (Study Notes),Mental Health
143,The Art of Communicating,Socializing
144,Think And Grow Rich by Napoleon Hill (2018),Mental Health
145,Wim Hof breathing tutorial by Wim Hof,Sprituality
146,Healthy Relationship Skills,Socializing
147,"Attention Seeking Behavior: When ""Just Ignore It"" doesn't work!",Mental Health
148,From ILLUSION to REALITY - By Sandeep Maheshwari I Hindi,Sprituality__##__Mental Health
149,Self-Compassion-Learn How to Face your Flaws with Love and Courage,Mental Health
150,Crucial Conversations Summary: How to Make it Safe to Talk about Anything-Book Summary,Mental Health
151,Grounding Techniques for Anxiety,Mental Health
152,Self-Understanding is the Key to Happiness - By Sandeep Maheshwari (Hindi),Mental Health
153,How to Deepen Your Understanding? By Sandeep Maheshwari I Hindi,Mental Health
154,"How to be Happy in Life? By Sandeep Maheshwari I Hindi
",Mental Health
155,Richard Feynman on Computation (Stephen Wolfram) | AI Podcast Clips,Science
156,"Leonard Susskind: My friend Richard Feynman
",Science
157,Elon Musk: Consciousness,Science
158,"Graham Hancock - The War on Consciousness BANNED TED TALK
",Psychedelics
159,"Jim Carrey On ""Awakening""",Sprituality
160,The pleasure trap: Douglas Lisle at TEDxFremont,Mental Health
161,We are all connected with nature: Nixiwaka Yawanawa at TEDxHackney,Sprituality
162,"Life is easy. Why do we make it so hard? | Jon Jandai | TEDxDoiSuthep
",Sprituality
163,"Anxiety Relief - Release Stress, Worry, Overthinking - Binaural Beats - Meditation Music",Meditation__##__Chill Mix
164,"Stress Relief Binaural Beats - Cleanse Overthinking, Release Inner Conflict - Meditation Music",Meditation__##__Chill Mix
165,Liberation of Fear & Guilt - 396 Hz - Binaural Beats - Solfeggio Meditation Music,Meditation__##__Chill Mix
166,Inner Guidance: Shows Vision of Growth Needed - Theta Binaural Beats - Meditation Music,Meditation__##__Chill Mix
167,(Extremely Powerful) Self Connection Meditation - 432 Hz + 3.4 Hz - Binaural Beats Meditation,Meditation__##__Chill Mix
168,Serotonin Release - Alpha Waves for Serotonin & Endorphins - Binaural Beats - Meditation Music,Meditation__##__Chill Mix
169,Brain Hemisphere Sync (v.2) - Activate the Entire Brain - Binaural Beats - Meditation Music,Meditation__##__Chill Mix
170,Accelerated Learning (v.2) - Gamma Waves for Focus and Memory - Monaural Beats - Focus Music,Meditation__##__Chill Mix
171,The power of believing that you can improve | Carol Dweck,General Knowledge
172,The surprising habits of original thinkers | Adam Grant,General Knowledge
173,Inside the mind of a master procrastinator | Tim Urban,General Knowledge
174,How to speak so that people want to listen | Julian Treasure,General Knowledge
175,Why does sex play such an important part in life? | J. Krishnamurti,General Knowledge
176,What is Mind? By Sandeep Maheshwari I Hindi,General Knowledge
177,TAOISM | The Power of Letting Go,Sprituality
178,TAOISM | The Philosophy Of Flow,General Knowledge
179,Does God exist? | J. Krishnamurti,Sprituality
180,How does one break free of habits? | J. Krishnamurti,Mental Health
181,./TED Talks - Edward Snowden - Here's how we take back the Internet.mp4,General Knowledge
182,./Learning 7 basic poses QiGong-LT-QODjnXh8.mp4,Fitness
183,"./Samadhi Movie, 2017 - Part 1 - 'Maya, the Illusion of the Self'-Bw9zSMsKcwk.mp4",Sprituality
184,./3 Ways My Childhood Screwed Me Up(720p).mp4,General Knowledge
185,./Consciousness_Studies/Black_Holes/08-The Phantom Singularity _ Space Time.mp4,Science
186,./Consciousness_Studies/Black_Holes/07-What Happens at the Event Horizon _ Space Time _ PBS Digital Studios.mp4,Science
187,./Consciousness_Studies/Black_Holes/17-Black Hole Harmonics.mp4,Science
188,./Consciousness_Studies/Black_Holes/15-When Quasars Collide STJC _ Space Time.mp4,Science
189,./Consciousness_Studies/Black_Holes/18-How To Capture Black Holes.mp4,Science
190,./Consciousness_Studies/Black_Holes/11-White Holes _ Space Time.mp4,Science
191,./Consciousness_Studies/Black_Holes/13-The Black Hole Entropy Enigma _ Space Time.mp4,Science
192,./Consciousness_Studies/Black_Holes/12-Hawking Radiation.mp4,Science
193,./Consciousness_Studies/Black_Holes/01-Intro to Black Holes Learning Playlist.mp4,Science
194,./Consciousness_Studies/Black_Holes/14-The Quasar from The Beginning of Time _ STELLAR.mp4,Science
195,./Consciousness_Studies/Black_Holes/04-Black Holes from the Dawn of Time.mp4,Science
196,./Consciousness_Studies/Black_Holes/09-The Geometry of Causality _ Space Time.mp4,Science
197,./Consciousness_Studies/Black_Holes/05-Escape The Kugelblitz Challenge _ Space Time _ PBS Digital Studios.mp4,Science
198,./Consciousness_Studies/Black_Holes/16-The RealScience of the EHT Black Hole.mp4,Science
199,./Consciousness_Studies/Black_Holes/03-How to Build a Black Hole _ Space Time _ PBS Digital Studios.mp4,Science
200,./Consciousness_Studies/Black_Holes/10-How Time Becomes Space Inside a Black Hole _ Space Time.mp4,Science
201,./Consciousness_Studies/Black_Holes/02-Do Events Inside Black Holes Happen _ Space Time _ PBS Digital Studios.mp4,Science
202,./Consciousness_Studies/Black_Holes/06-How to See Black Holes + Kugelblitz Challenge Answer _ Space Time _ PBS Digital Studios.mp4,Science
203,./Consciousness_Studies/Consciousness/The Black Hole Information Paradox-9XkHBmE-N34.mp4,Science
204,./Consciousness_Studies/Consciousness/What Survives Inside A Black Hole-GscfuQWZFAo.mp4,Science
205,./Consciousness_Studies/Consciousness/Hawking Radiation-qPKj0YnKANw.mp4,Science
206,./Consciousness_Studies/Consciousness/The Secrets of Feynman Diagrams _ Space Time-fG52mXN-uWI.mp4,Science
207,./Consciousness_Studies/Consciousness/String Theory and the End of Space and Time with Robbert Dijkgraaf-0T--WC4D1C0.mp4,Science
208,./Consciousness_Studies/Consciousness/Feynman's Infinite Quantum Paths _ Space Time-vSFRN-ymfgE.mp4,Science
209,./Consciousness_Studies/Consciousness/Quantum Fields - The Real Building Blocks of the Universe - with David Tong-zNVQfWC_evg.mp4,Science
210,./Consciousness_Studies/Consciousness/Anti-Matter and Quantum Relativity _ Space Time-hYkaahzFWfo.mp4,Science
211,./Consciousness_Studies/Consciousness/Anesthetic action links consciousness to quantum vibrations - S. Hameroff - 6_11_2018-VG8_hlnFdWM.mp4,Science
212,./Consciousness_Studies/Consciousness/Sir Roger Penrose - 'Consciousness and the foundations of physics”-eJjydSLEVlU.mp4,Science
213,./Consciousness_Studies/Consciousness/Before the Big Bang 1 - Loop Quantum Cosmology Explained-IFcQuEw0oY8.mp4,Science
214,./Consciousness_Studies/Consciousness/The First Quantum Field Theory _ Space Time-ATcrrzJFtBY.mp4,Science
215,./Consciousness_Studies/Consciousness/What are the Strings in String Theory-k6TWO-ESC6A.mp4,Science
216,"./Consciousness_Studies/Consciousness/Before the Big Bang 7 - An Eternal Cyclic Universe, CCC revisited & Twistor Theory-FVDJJVoTx7s.mp4",Science
217,./Consciousness_Studies/Consciousness/Why String Theory is Right-iTTa9YcTe1k.mp4,Science
218,"./Consciousness_Studies/Consciousness/Stuart Hameroff - quantum consciousness, microtubules-I4vjq46gCUQ.mp4",Science
219,./Consciousness_Studies/Consciousness/How Much Information is in the Universe _ Space Time-XxVlGAFX7vA.mp4,Science
220,./Consciousness_Studies/Consciousness/Understanding the Uncertainty Principle with Quantum Fourier Series _ Space Time-izqaWyZsEtY.mp4,Science
221,./Consciousness_Studies/Consciousness/Solving the Impossible in Quantum Field Theory _ Space Time-oQ1WZ-eJW8Y.mp4,Science
222,./Consciousness_Studies/Consciousness/Why String Theory is Wrong-IhpGdumLRqs.mp4,Science
223,./Consciousness_Studies/Consciousness/Roger Penrose - Physics of Consciousness and the Infinite Universe _ AI Podcast #85 with Lex Fridman-orMtwOz6Db0.mp4,Science
224,./Consciousness_Studies/Consciousness/Before the Big Bang 1O  - Black Hole Genesis-xXL0N3elFLE.mp4,Science
225,./Consciousness_Studies/Consciousness/The One-Electron Universe _ Space Time-9dqtW9MslFk.mp4,Science
226,./Consciousness_Studies/Consciousness/The Black Hole Entropy Enigma _ Space Time-Ab8JIzckx_M.mp4,Science
227,./Consciousness_Studies/Consciousness/Does Consciousness Influence Quantum Mechanics-CT7SiRiqK-Q.mp4,Science
228,./Consciousness_Studies/Consciousness/Quantum Biology - The Hidden Nature of Nature-ADiql3FG5is.mp4,Science
229,./Consciousness_Studies/Quantum_Mechanics,Science
230,./Consciousness_Studies/Quantum_Mechanics/06-Quantum Eraser Lottery Challenge _ Space Time _ PBS Digital Studios.mp4,Science
231,./Consciousness_Studies/Quantum_Mechanics/22-Why Quantum Computing Requires Quantum Cryptography.mp4,Science
232,./Consciousness_Studies/Quantum_Mechanics/14-Solving the Impossible in Quantum Field Theory _ Space Time.mp4,Science
233,./Consciousness_Studies/Quantum_Mechanics/09-The Many Worlds of the Quantum Multiverse _ Space Time _ PBS Digital Studios.mp4,Science
234,./Consciousness_Studies/Quantum_Mechanics/18-The Nature of Nothing _ Space Time.mp4,Science
235,./Consciousness_Studies/Quantum_Mechanics/04-The Quantum Experiment that Broke Reality _ Space Time _ PBS Digital Studios.mp4,Science
236,./Consciousness_Studies/Quantum_Mechanics/15-The Secrets of Feynman Diagrams _ Space Time.mp4,Science
237,./Consciousness_Studies/Quantum_Mechanics/05-How the Quantum Eraser Rewrites the Past _ Space Time _ PBS Digital Studios.mp4,Science
238,./Consciousness_Studies/Quantum_Mechanics/03-Planck's Constant and The Origin of Quantum Mechanics _ Space Time _ PBS Digital Studios.mp4,Science
239,./Consciousness_Studies/Quantum_Mechanics/01-Intro to Quantum Theory Learning Playlist.mp4,Science
240,./Consciousness_Studies/Quantum_Mechanics/20-Zero-Point Energy Demystified _ Space Time.mp4,Science
241,./Consciousness_Studies/Quantum_Mechanics/10-Pilot Wave Theory and Quantum Realism _ Space Time _ PBS Digital Studios.mp4,Science
242,./Consciousness_Studies/Quantum_Mechanics/19-The Vacuum Catastrophe.mp4,Science
243,./Consciousness_Studies/Quantum_Mechanics/12-The First Quantum Field Theory _ Space Time.mp4,Science
244,./Consciousness_Studies/Quantum_Mechanics/13-Feynman's Infinite Quantum Paths _ Space Time.mp4,Science
245,./Consciousness_Studies/Quantum_Mechanics/11-Anti-Matter and Quantum Relativity _ Space Time.mp4,Science
246,./Consciousness_Studies/Quantum_Mechanics/16-The One-Electron Universe _ Space Time.mp4,Science
247,./Consciousness_Studies/Quantum_Mechanics/02-Is Quantum Tunneling Faster than Light _ Space Time _ PBS Digital Studios.mp4,Science
248,./Consciousness_Studies/Quantum_Mechanics/17-Absolute Cold _ Space Time.mp4,Science
249,./Consciousness_Studies/Quantum_Mechanics/07-Is There a Fifth Fundamental Force + Quantum Eraser Answer _ Space Time _ PBS Digital Studios.mp4,Science
250,./Consciousness_Studies/Quantum_Mechanics/08-Quantum Entanglement and the Great Bohr-Einstein Debate _ Space Time _ PBS Digital Studios.mp4,Science
251,./Consciousness_Studies/Quantum_Mechanics/21-Understanding the Uncertainty Principle with Quantum Fourier Series _ Space Time.mp4,Science
252,./Bhagavad Gita Chapters 1 to 18 Verses Sung in Sanskrit Classical Indian Style-BhW6QvNYTd8.mkv,Sprituality
253,"./Think Fast, Talk Smart_ Communication Techniques.mp4",Socializing
254,./Border Of Dreams _ AChill Mix-oj4HC8wfvFk.m4a,Chill Mix
255,./Mind in Peace _ BeautifulChill Mix-zhMW4aheJ-M.m4a,Chill Mix
256,./Samadhi - GuidedMeditation #2- The Hindrances-J7WCK5DK4sw.m4a,Meditation
257,./Wellness Pics/1936550_1033087466759214_2106307245662881585_n.jpg,Personal Care
258,./Wellness Pics/12644911_1033088043425823_7426495162012627068_n.jpg,Personal Care
259,./Wellness Pics/12642842_1033088526759108_7576543061459389346_n.jpg,Personal Care
260,./Wellness Pics/3644_1033087266759234_5052139308357251410_n.jpg,Personal Care
261,./Wellness Pics/12687983_1033087650092529_8077091344756602776_n.jpg,Personal Care
262,./Wellness Pics/12654458_1033087560092538_1016558565281727705_n.jpg,Personal Care
263,./Wellness Pics/12631566_1033087826759178_3413067029942054184_n.jpg,Personal Care
264,./How To Speak by Patrick Winston-Unzc731iCUY.mp4,Socializing
265,./Bhagwad Geeta 7 Hour Complete Knowledge Hindi-Su28INpuuz4.mp4,Sprituality
266,./15338850_708042499372722_4974616749064703729_n.jpg,Personal Care
267,./So Calm _ BeautifulChill Mix-Vs-5ZGRly9A.m4a,Chill Mix
268,./Inception 2010 (1080p Bluray x265 10bit HEVC AAC 5.1 Joy) #lord.mkv,Sprituality__##__Science__##__Lucid Dreaming
269,./Quantum Mechanics/qcnotes.pdf,Science
270,./Quantum Mechanics/quantum-notes.pdf,Science
271,./Quantum Mechanics/0207118v1.pdf,Science
272,./5 Ways to Improve your COMMUNICATION Skills - #BelieveLife-xr1q-uBtIH4.webm,Socializing
273,./Samadhi - GuidedMeditation #1- Breath as the Bridge-oZGqaDSOYxI.m4a,Meditation
274,./Home_Fat_Loss_Workout_-_Exercises_to_Lose_Stomach_Fat_at_Home.mp4,Fitness
275,./Sadhguru/Sounds Of Isha - Bloom-4ZtihFRxK28.webm,Chill Mix
276,./Sadhguru/Everyone Should be a Brahmachari - Sadhguru-yOo0VwTVT8g.webm,Sprituality
277,./Sadhguru/Madhyamavathi _ Instrumental _ Bansuri-ATpdRfzNHHs.mkv,Sprituality
278,./Sadhguru/How to Deal with Insecurities - Sadhguru-togL51YXNXg.mp4,Mental Health
279,./Sadhguru/Wholeness-wPxyhivAWNU.mkv,Chill Mix
280,"./Inner Worlds, Outer Worlds - Part 3 - The Serpent and the Lotus-yNEruEsb5T4.mp4",Sprituality
281,./Rumi┇A Gift of Love ❁ WhirlingMeditation-wwSAu-Ck3v0.m4a,Meditation
282,"./Inner Worlds, Outer Worlds - Part 4 - Beyond Thinking-qmL4CeTENtw.mp4",Sprituality
283,./Non-Attachment Does Not Contradict Love - Kris Gage - Medium.pdf,Sprituality
284,./3 Ways to Be Professional at Work_ Are You Already Practicing Them_.pdf,Professionalism
285,./The Mind Pond Analogy - How Does One Realize Samadhi -  (The Identity of Relative and Absolute)-36NKRR8HLB0.m4a,Sprituality
286,./Higher Consciousness Studies/What makes Character _ Pravrajika Divyanandaprana @IITD-Kj6PpypxQfU.webm,Sprituality
287,./Higher Consciousness Studies/Ideal of Karma Yoga _ Pravrajika Divyanandaprana @IITD-ZPIJYHDVFwU.webm,Sprituality
288,./Higher Consciousness Studies/Essence of Bhagavad Gita _ Pravrajika Divyanandaprana @IITD-KI3CmSVpB1Y.webm,Sprituality
289,./Higher Consciousness Studies/Developing Will for Effective Leadership _ Pravrajika Divyanandaprana @IITD-eIBoprWxKto.mkv,Sprituality
290,./Higher Consciousness Studies/Karma and Mind Management _ Pravrajika Divyanandaprana @IITD-3BUQJKmu06g.webm,Sprituality
291,./Higher Consciousness Studies/Self Discovery II Pravrajika Divyanandaprana@ IITD-uQGcwrm15Ew.mkv,Sprituality
292,./Higher Consciousness Studies/What is Duty _ Pravrajika Divyanandaprana @IITD-Q1re2rYp0pA.webm,Sprituality
293,./Higher Consciousness Studies/How to Apply Yoga Vedanta _ Pravrajika Divyanandaprana @ IITD-amxOj0QB6eA.mkv,Sprituality
294,./Higher Consciousness Studies/SADHANA PANCHAKAM - 5 Verses (40 Instructions) For Seekers of Truth _ Sri Adi Shankaracharya-ATk6vJpAWvM.mp4,Sprituality
295,./Higher Consciousness Studies/Mind and Perception _ Pravrajika Divyanandaprana @ IITD-G-UHUsJB3Og.mkv,Sprituality
296,./Higher Consciousness Studies/Techniques of Mind Management II Pravrajika Divyanandaprana@IITD-8BBsAFJzO2I.mkv,Sprituality
297,./Higher Consciousness Studies/Human Personality  _ Pravrajika Divyanandaprana @ IITD-MJNeA567cRQ.mkv,Sprituality
298,./Higher Consciousness Studies/How Mind Works How to Unleash the Amazing Power of Your Mind throughMeditation-nOM8wKLVKUk.webm,Sprituality
299,./Higher Consciousness Studies/Self Management II Pravrajika Divyanandaprana@ IITD-avWUk5CwIpo.mkv,Sprituality
300,./Higher Consciousness Studies/Vedantic Perspectives to Modern Neuroscience _ Pravrajika Divyanandaprana@ IITD-ois6Q5uu708.mkv,Sprituality
301,./Higher Consciousness Studies/Research Methodologies for SubjectiveScience _ Pravrajika Divyanandaprana @ IITD--bsiZmIHawk.mkv,Sprituality
302,./Higher Consciousness Studies/Determinism and Free Will _ Pravrajika Divyanandaprana @IITD-ynAa8fWH-uQ.webm,Sprituality
303,./Higher Consciousness Studies/Theory of Ethics _ Pravrajika Divyanandaprana @IITD-DNHeqBg-bQo.webm,Sprituality
304,./Higher Consciousness Studies/Who am I _ Pravrajika Divyanandaprana @ IITD-xk8yO8c_Zxw.mkv,Sprituality
305,./Higher Consciousness Studies/Bhagavad Gita on Self Knowledge _ Pravrajika Divyanandaprana @IITD-O9ZApoIPphY.webm,Sprituality
306,"./Samadhi Movie, 2018 - Part 2 (It's Not What You Think)-AQL6qcGqQ0Y.mp4",Sprituality
307,./The Psychologist That Survived Auschwitz & Discovered the Meaning of Life.pdf,Sprituality
308,./10 Important Career Lessons Most People Learn Too Late In Life | Bernard Marr | Pulse | LinkedIn.pdf,Professionalism
309,./Samadhi - GuidedMeditation Series - Intro-zgi7S5E-aCY.m4a,Meditation
310,./bgita.pdf,Sprituality
311,./Hope _ BeautifulChill Mix-yUaJ497cCIc.m4a,Chill Mix
312,./Sandeep Maheshwari/Mentally Strong Kaise Bane By Sandeep Maheshwari-QjO02NuhthM.mp4,Mental Health
313,./Sandeep Maheshwari/MindAPP by Sandeep Maheshwari (in Hindi)-sXHSugsbW28.mp4,Mental Health
314,./Sandeep Maheshwari/What is the True Meaning of Life By Sandeep Maheshwari I Hindi-aT6ysk4MyPI.mp4,Sprituality
315,./Sandeep Maheshwari/WHO AM I By Sandeep Maheshwari (in Hindi)-AXxM3kpcX-4.mkv,Sprituality
316,./Sandeep Maheshwari/Full Talk #1 By Sandeep Maheshwari - How to practically change your life-rcRCOzwq-N0.mp4,Mental Health
317,./Sandeep Maheshwari/Full Talk #2 By Sandeep Maheshwari - YOU ARE LIMITLESS-FMEw0Jr-z9o.mp4,Sprituality
318,./Sandeep Maheshwari/Ashtavakra_Gita/19 of 26 - Ashtavakra Gita by Sandeep Maheshwari I Hindi-36E-kZxJLmo.mp4,Sprituality
319,./Sandeep Maheshwari/Ashtavakra_Gita/22 of 26 - Ashtavakra Gita by Sandeep Maheshwari I Hindi-57eI-pUPRsA.mp4,Sprituality
320,./Sandeep Maheshwari/Ashtavakra_Gita/16 of 26 - Ashtavakra Gita by Sandeep Maheshwari I Hindi-gjoIlejrr6c.mp4,Sprituality
321,./Sandeep Maheshwari/Ashtavakra_Gita/26 of 26 - Ashtavakra Gita by Sandeep Maheshwari I Hindi-xypTr90a0ME.mp4,Sprituality
322,./Sandeep Maheshwari/Ashtavakra_Gita/23 of 26 - Ashtavakra Gita by Sandeep Maheshwari I Hindi-3-vIQtHHNFc.mp4,Sprituality
323,./Sandeep Maheshwari/Ashtavakra_Gita/11 of 26 - Ashtavakra Gita by Sandeep Maheshwari I Hindi-mmDLv-niq6U.mp4,Sprituality
324,./Sandeep Maheshwari/Ashtavakra_Gita/24 of 26 - Ashtavakra Gita by Sandeep Maheshwari I Hindi-MBesvmy-x88.mp4,Sprituality
325,./Sandeep Maheshwari/Ashtavakra_Gita/18 of 26 - Ashtavakra Gita by Sandeep Maheshwari I Hindi-baIo_0SLp68.mp4,Sprituality
326,./Sandeep Maheshwari/Ashtavakra_Gita/15 of 26 - Ashtavakra Gita by Sandeep Maheshwari I Hindi-snCB_zXIglQ.mp4,Sprituality
327,./Sandeep Maheshwari/Ashtavakra_Gita/4 of 26 - Ashtavakra Gita by Sandeep Maheshwari I Hindi-OccuicwAnVk.mp4,Sprituality
328,./Sandeep Maheshwari/Ashtavakra_Gita/10 of 26 - Ashtavakra Gita by Sandeep Maheshwari I Hindi-gu1A3CAvu4E.mp4,Sprituality
329,./Sandeep Maheshwari/Ashtavakra_Gita/3 of 26 - Ashtavakra Gita by Sandeep Maheshwari I Hindi-sReBLdchkro.mp4,Sprituality
330,./Sandeep Maheshwari/Ashtavakra_Gita/1 of 26 - Ashtavakra Gita by Sandeep Maheshwari I Hindi-TS74VDHyia8.mp4,Sprituality
331,./Sandeep Maheshwari/Ashtavakra_Gita/13 of 26 - Ashtavakra Gita by Sandeep Maheshwari I Hindi-4BfgdmH4yqc.mp4,Sprituality
332,./Sandeep Maheshwari/Ashtavakra_Gita/7 of 26 - Ashtavakra Gita by Sandeep Maheshwari I Hindi-0lPlYcjkbuc.mp4,Sprituality
333,./Sandeep Maheshwari/Ashtavakra_Gita/6 of 26 - Ashtavakra Gita by Sandeep Maheshwari I Hindi-AbrvGu49XQI.mp4,Sprituality
334,./Sandeep Maheshwari/Ashtavakra_Gita/14 of 26 - Ashtavakra Gita by Sandeep Maheshwari I Hindi-T2qQ3hMYP5g.mp4,Sprituality
335,./Sandeep Maheshwari/Ashtavakra_Gita/9 of 26 - Ashtavakra Gita by Sandeep Maheshwari I Hindi-vdMlJ9K-VAI.mp4,Sprituality
336,./Sandeep Maheshwari/Ashtavakra_Gita/2 of 26 - Ashtavakra Gita by Sandeep Maheshwari I Hindi-0En1CWu-PLM.mp4,Sprituality
337,./Sandeep Maheshwari/Ashtavakra_Gita/12 of 26 - Ashtavakra Gita by Sandeep Maheshwari I Hindi-TFuSbQaxGhw.mp4,Sprituality
338,./Sandeep Maheshwari/Ashtavakra_Gita/21 of 26 - Ashtavakra Gita by Sandeep Maheshwari I Hindi-4HxWXnZGXQA.mp4,Sprituality
339,./Sandeep Maheshwari/Ashtavakra_Gita/25 of 26 - Ashtavakra Gita by Sandeep Maheshwari I Hindi-L7kiA52sHKo.mp4,Sprituality
340,./Sandeep Maheshwari/Ashtavakra_Gita/8 of 26 - Ashtavakra Gita by Sandeep Maheshwari I Hindi-bBNqh4i2J_Y.mp4,Sprituality
341,./Sandeep Maheshwari/Ashtavakra_Gita/20 of 26 - Ashtavakra Gita by Sandeep Maheshwari I Hindi-Y-AZLWAlUkI.mp4,Sprituality
342,./Sandeep Maheshwari/Ashtavakra_Gita/17 of 26 - Ashtavakra Gita by Sandeep Maheshwari I Hindi-KWiVWJa_ly4.mp4,Sprituality
343,./Sandeep Maheshwari/Ashtavakra_Gita/5 of 26 - Ashtavakra Gita by Sandeep Maheshwari I Hindi-VE0WMsMVM7U.mp4,Sprituality
344,./Sandeep Maheshwari/BasicMeditation Session - By Sandeep Maheshwari I How to Meditate for Beginners I Hindi-Kn4dK_kYUEo.mkv,Sprituality
345,./Sandeep Maheshwari/Freedom from Suffering - By Sandeep Maheshwari (in Hindi)-7T9eSdFjU00.mp4,Sprituality
346,./Complete & gentle yoga session-RWlXERtzCzw.mp4,Fitness
347,./QiGong andMeditation session-0W8yrMAtvKM.mp4,Fitness__##__Meditation
348,./How to deal with Depression & Anxiety (How I did it) _ Fit Tuber-OJfH0j6iF8I.mkv,Mental Health
349,./डिप्रेशन से मुक्ति - How to cure DEPRESSION - OSHO-td7BfUVFwHc.mkv,Mental Health
350,./HIIT/05 - Pure Cardio.m4v,Fitness
351,./HIIT/00 - Dig Deeper.m4v,Fitness
352,./HIIT/13 - Max Interval Sports Training.m4v,Fitness
353,./HIIT/08 - Max Interval Circuit.m4v,Fitness
354,./HIIT/03 - Cardio Power & Resistance.m4v,Fitness
355,./HIIT/14 - Upper Body Weight Training.m4v,Fitness
356,./HIIT/01 - Fit Test.m4v,Fitness
357,./HIIT/10 - Max Cardio Conditioning.m4v,Fitness
358,./HIIT/26255919.png,Fitness
359,./HIIT/07 - Core Cardio & Balance.m4v,Fitness
360,./HIIT/12 - Insane Abs.m4v,Fitness
361,./HIIT/04 - Cardio Recovery.m4v,Fitness
362,./HIIT/02 - Plyometric Cardio Circuit.m4v,Fitness
363,./HIIT/06 - Cardio Abs.m4v,Fitness
364,./HIIT/11 - Max Recovery.m4v,Fitness
365,./HIIT/09 - Max Interval Plyo.m4v,Fitness
366,"./[Hinduism] Swami Vivekananda - The Complete Works of Swami Vivekananda (Total 9+1 Volumes) (2020, Advaita Ashrama) (1).pdf",Sprituality
367,./Clear Your Mind _ BeautifulChill Mix-Ne_jan5uFpk.m4a,Chill Mix
368,./Mensutra/How to use Internet to Become More Powerful!-6pXKlJnRiAY.mp4,General Knowledge
369,./Mensutra/How You Get Manipulated in the Dumbest Way!-b5Xgkpbxt6w.mp4,General Knowledge
370,./Mensutra/MY LIST OF 10 Best Motivational Movies FOR YOU-25F4j3by060.webm,General Knowledge
371,./Mensutra/How to Train your Mind to Stop Falling in Love-W5a9oUH6vHQ.mkv,General Knowledge
372,./Mensutra/STOP BEING A LOSER _ The Video You Need to Watch!-s-U1J5CCiY4.mp4,General Knowledge
373,./Mensutra/10 Daily Routine Habits that will Make You a Beast! (Killer Morning Routine)-re8HtF7ZUL4.mp4,General Knowledge
374,./Mensutra/This Video will Solve all your Problems!-JGMKdwvLPIE.mp4,General Knowledge
375,./OM CHANTING @ 639 Hz _ 9 Hours-W2-xY73wc2g.m4a,Sprituality
376,./Hanuman Chalisa by Shankar Mahadevan _ हनुमान चालीसा with Lyrics _ Ajay Atul _ Hanuman Songs-jTNu-R9KA-4.mp4,Sprituality
377,./Samadhi - GuidedMeditation #3 - 'Prana'-ded5S6ETePw.m4a,Meditation
378,./Laziness Does Not Exist - Human Parts.pdf,General Knowledge
379,./The Internet's Own Boy- The story of Aaron Swartz.WEBM,General Knowledge
380,./Complete Bhagavad Gita Sanskrit Guided Chant with Meaning - All Chapters (Including Dhyanam)-WITUOwi3EYk.mp4,Sprituality
381,./Shreyas Saxena's answer to Why did I lose my drive to learn more? - Quora.pdf,General Knowledge
382,./Lonely Night _Chill Mix-CDkuaw0Pld8.m4a,Chill Mix
383,./Relieved my Stress _ BeautifulChill Mix-b7IrNtS2rRE.m4a,Chill Mix
384,./Andrej's advice for success.pdf,General Knowledge
385,./1572323033-5372-those-who-do-not-understand-true-pain-can-never-understand_380x280_width.png,General Knowledge
386,./HASfit’s Free 30 Days Challenge To Get In Shape/Warm-up Low Impact Workout.mp4,Fitness
387,./HASfit’s Free 30 Days Challenge To Get In Shape/6 Pack Abs in 6 Minutes at Home  Coach Kozak's Best Ab Exercises To Get Ripped Six Pack  HASfit.mp4,Fitness
388,./HASfit’s Free 30 Days Challenge To Get In Shape/Oblique Workout - 6 Minutes Abs - Getting Rid of Love Handle Exercises - HASfit Oblique Exercises.mp4,Fitness
389,./HASfit’s Free 30 Days Challenge To Get In Shape/How To Get In Shape in 30 Days - HASfit's FREE 30 Day Challenge - Workout Schedule & Diet Plan.mp4,Fitness
390,./HASfit’s Free 30 Days Challenge To Get In Shape/How-to Lose Weight Running  Coach Kozak's Favorite Way To Lose Fat Running  HASfit Weight Loss.mp4,Fitness
391,./HASfit’s Free 30 Days Challenge To Get In Shape/Shredding 8 Minute Abs Workout Class w Coach Kozak! 8 Minute Abdominal Exercises at Home by HASfit.mp4,Fitness
392,./HASfit’s Free 30 Days Challenge To Get In Shape/6 Pack in 5 Minutes  Ab Exercises Workout Class by Freddie  How to get a 6 pack fast! HASfit.mp4,Fitness
393,./HASfit’s Free 30 Days Challenge To Get In Shape/The Ultimate 10 Minute Cardio Workout At Home  High Intensity Aerobic Weight Loss  HASfit.mp4,Fitness
394,./HASfit’s Free 30 Days Challenge To Get In Shape/BEST 30 Minute Cardio Kickboxing Workout - Aerobic Cardiovascular Exercises - HASfit Cardio Training(0).mp4,Fitness
395,./HASfit’s Free 30 Days Challenge To Get In Shape/UFC TRAINING MMA WORKOUT - 15 Min MMA Training Conditioning w PRO Fight Coach Kozak.mp4,Fitness
396,./HASfit’s Free 30 Days Challenge To Get In Shape/10 Minute Trainer Workouts To Lose Belly Fat Fast! Part 3 of 3  Home Exercises to Burn Fat  HASfit.mp4,Fitness
397,./HASfit’s Free 30 Days Challenge To Get In Shape/HASfit's Eight Minute Abs Workout To Get Ripped Abs Fast - 8 Min Abs - 8 Minute To Get Abs.mp4,Fitness
398,./HASfit’s Free 30 Days Challenge To Get In Shape/20 Minute Aerobics Workout To Look Good Naked - HASfit Aerobic Exercises at Home - Aerobic Training.mp4,Fitness
399,./HASfit’s Free 30 Days Challenge To Get In Shape/HASfit 30 Minute Low Impact Beginner Workout - Easy Exercises at Home - Easy Workout for Beginners.mp4,Fitness
400,./HASfit’s Free 30 Days Challenge To Get In Shape/10 Minute Trainer Workouts To Lose Belly Fat Fast! Part 2 of 3 At Home Workout to Lose Weight HASfit.mp4,Fitness
401,./HASfit’s Free 30 Days Challenge To Get In Shape/15 Minute Beginner Weight Training - Easy Exercises - HASfit Beginners Workout Routine - Strength.mp4,Fitness
402,./HASfit’s Free 30 Days Challenge To Get In Shape/program.png,Fitness
403,./HASfit’s Free 30 Days Challenge To Get In Shape/before_exercise.mp4,Fitness
404,./HASfit’s Free 30 Days Challenge To Get In Shape/after_exercise.mp4,Fitness
405,./HASfit’s Free 30 Days Challenge To Get In Shape/vegetarian-weight-loss-for-men-2.pdf,Fitness
406,./HASfit’s Free 30 Days Challenge To Get In Shape/Lose Belly fat Part 1.mp4,Fitness
407,./HASfit’s Free 30 Days Challenge To Get In Shape/guide-to-losing-fat-for-men.pdf,Fitness
408,./HASfit’s Free 30 Days Challenge To Get In Shape/Six Pack in 3 Minutes  Ab Exercises Workout Class by Coach Kozak  How to get a 6 pack fast!.mp4,Fitness
409,./Yoga for Obesity _ Yoga for Fat _ Yoga for Belly Fat _ Surakshit Goswami.mkv,Fitness
410,./50 Minutes For The Next 50 Years Of Your Life -  By Lord Krishna Revealed in Bhagvad Gita (in Hindi)-rzKpYygK75U.m4a,Sprituality
411,./THE AWAKENING – Quantum Mechanics of the Human Brain & Consciousness.mp4,Science
412,./Sandhyavandhanam Morning (Yajur Vedham)-TaLXr5nbBEo.webm,Sprituality
413,./The Miracle of Consciousness - Ram Dass Full Lecture 1996-LCiB9oMnIbI.mp4,Sprituality
414,./3 Ways to Be Respected - wikiHow.pdf,Professionalism
415,./Samadhi - GuidedMeditation #4 - Know Yourself (Nirvikalpa)-MZBJJrOJOKY.m4a,Meditation
416,./Alan Watts - Eastern Wisdom & Modern Life - 10hr22m - TV - 1959-60 - No Music-2PwzkxFFcf8.mp4,Sprituality
417,./Job Hunting_ How to Find Your Next Step by Taking Your Search Offline - Stack Overflow Blog.pdf,Professionalism
418,./Yoga Nidra/Freedom From Fear with Yoga Nidra (Powerful GuidedMeditation For Re Centering Yourself)-_9wIMXETjGY.mp4,Sprituality__##__Mental Health__##__Fitness
419,./Yoga Nidra/Yoga Nidra Level 5 - 'Atma Swarupa' Experience Your True Eternal Nature (Advanced)-K76Ba0zLYVQ.mp4,Sprituality__##__Mental Health__##__Fitness
420,./Yoga Nidra/Yoga Nidra Level 4 - Total Spiritual Illumination (Advanced)-FDc0Jkt645I.mp4,Sprituality__##__Mental Health__##__Fitness
421,./Yoga Nidra/Yoga Nidra Level 1 - Experiencing Self Born Bliss (Beginners)-8tgqQdqvBeM.mp4,Sprituality__##__Mental Health__##__Fitness
422,./Yoga Nidra/Yoga Nidra Level 3 - Profound Inner Peace and Stillness (Intermediate)-Nj_Im8MyIdQ.mp4,Sprituality__##__Mental Health__##__Fitness
423,./Yoga Nidra/Yoga Nidra Level 2 (Beginners) - Retreat To The Hidden Temple (Remastered)-gsJMOXJCm7c.mp4,Sprituality__##__Mental Health__##__Fitness
424,./BeerBiceps/SECRETS BEHIND SUCCESS - Entrepreneur's Morning Routine for MAXIMUM WORK EFFICIENCY _ BeerBicepS-FzxqmGeBywk.mkv,General Knowledge
425,./BeerBiceps/How Semen Can Change Your Life - The NoFap Legend Sarvesh Shashi _ The Ranveer Show 27 _ BeerBiceps-x0NTMSFBmv0.mkv,Sprituality
426,./BeerBiceps/NEVER BE SAD AGAIN - SpiritualFitness _ Ranveer's LifeHacks-ZBOZKSvkr-o.mkv,Sprituality
427,./BeerBiceps/Why Drugs Are Good For You (feat. Luke Coutinho) _ The Ranveer Show 24-T_aNBvb7oN0.mkv,Psychedelics
428,./BeerBiceps/Why YOU should Meditate - How to Meditate at Home for BEGINNERS - BeerBicepsMeditation-q5thMTntbOY.webm,Meditation
429,"./BeerBiceps/EASY Method To Become Rich, Famous & Successful _ Motivation _ BeerBicepsMeditation-J4QB_jb3fno.mkv",General Knowledge
430,./BeerBiceps/Guide To ADVANCEDMeditation (feat. Radhakrishnan Pillai) - The Ranveer Show 26 _ BeerBiceps-OB3XQGxy9hA.mkv,Meditation
431,./BeerBiceps/Careers inFitness with Abhinav Mahajan & BeerBiceps _ IndianFitness Industry-aas0SS_5Nss.mkv,Fitness
432,./BeerBiceps/How To Achieve ANYTHING IN THE WORLD _ AdvancedMeditation Technique _ BeerBiceps Motivation-uWF3RpI949Q.mkv,Meditation
433,./BeerBiceps/The 1 Common Habit of ALL Successful People _ Priming Motivational Video _ MentalFitness-1q0lT8E-Qbs.webm,Mental Health
434,./BeerBiceps/99% Indians Are Making THIS HUGE MISTAKE _ Biggest Self Improvement SECRET _ BeerBiceps-7iwdzhEAs1w.mkv,General Knowledge
435,./BeerBiceps/6 Steps to The BEST SLEEP Of Your Life _ SleepMeditation _ BeerBiceps Night Time Routine-xhN1xEZ0WLQ.mkv,Meditation
436,"./Mihaly Csikszentmihalyi - Flow_ The Psychology of Optimal Experience (P.S.) (2008, Harper Perennial Modern Classics).pdf",General Knowledge__##__Mental Health
437,./Yoga Music _ ॐ _ Peaceful Sounds #01-GMrWkAPB5Cg.m4a,Chill Mix
438,"./Inner Worlds, Outer Worlds - Part 1 - Akasha-aXuTt7c3Jkg.mp4",Sprituality
439,./OM Namah Shivaya _ 9 Hours-9A3fb39gZpQ.m4a,Sprituality__##__Chill Mix
440,./Therapy/Behaviour_Modification/4-Behavior Modification and Goal Setting - Counselor Toolbox Episode 134.mp4,Therapy__##__Mental Health
441,./Therapy/Behaviour_Modification/8-Behavior Modification and Goal Setting - Avoiding Common Traps - Counselor Toolbox Episode 134.mp4,Therapy__##__Mental Health
442,"./Therapy/Behaviour_Modification/6-Behavior Modification Live for LPC, LMHC,and Addiction Counselor CEUs _ Training in Counseling.mp4",Therapy__##__Mental Health
443,./Therapy/Behaviour_Modification/3-Behavior Modification Basics Part 3 of 3.mp4,Therapy__##__Mental Health
444,./Therapy/Behaviour_Modification/5-Behavior Modification.mp4,Therapy__##__Mental Health
445,./Therapy/Behaviour_Modification/2-Behavior Modification Basics Part 2 of 3.mp4,Therapy__##__Mental Health
446,./Therapy/Behaviour_Modification/1-Behavior Modification Basics Part 1 of 3.mp4,Therapy__##__Mental Health
447,./Therapy/Behaviour_Modification/9-168  Behavior Modification Universal Application.mp4,Therapy__##__Mental Health
448,"./Therapy/Behaviour_Modification/7-Goal Setting, Behavior Modification, and Enhancing Motivation.mp4",Therapy__##__Mental Health
449,./Therapy/CBT/12-378  Contextual Cognitive Behavioral Therapy Video.mp4,Therapy__##__Mental Health
450,./Therapy/CBT/08-Cognitive Distortions  Part 2 of 3.mp4,Therapy__##__Mental Health
451,./Therapy/CBT/10-Electives  CBT.mp4,Therapy__##__Mental Health
452,./Therapy/CBT/02-Cognitive Behavioral Therapy  Addressing Negative Thoughts with Dr. Dawn-Elise Snipes.mp4,Therapy__##__Mental Health
453,"./Therapy/CBT/11-156  Cognitive Therapy with Anxiety, Chronic Conditions & PTSD.mp4",Therapy__##__Mental Health
454,./Therapy/CBT/16-MCT Strategies for Happiness.mp4,Therapy__##__Mental Health
455,./Therapy/CBT/13-381  Nonpharmacological Interventions for Pain  CBT for Chronic Pain Video.mp4,Therapy__##__Mental Health
456,./Therapy/CBT/14-389  Developing Positive Self Talk.mp4,Therapy__##__Mental Health
457,./Therapy/CBT/04-Trauma Focused Cognitive Behavioral Interventions - Counselor Toolbox Episode 120.mp4,Therapy__##__Mental Health
458,./Therapy/CBT/07-Cognitive Distortions Part 1 of 3.mp4,Therapy__##__Mental Health
459,./Therapy/CBT/05-Trauma Focused CBT Part 2  - Counselor Toolbox Episode 121.mp4,Therapy__##__Mental Health
460,./Therapy/CBT/03-Cognitive Distortions - Counselor Toolbox Episode 135.mp4,Therapy__##__Mental Health
461,./Therapy/CBT/06-169  Cognitive Behavioral Group Activities.mp4,Therapy__##__Mental Health
462,./Therapy/CBT/01-Cognitive Behavioral Therapy Skills - Counselor Toolbox Podcast with Dr. Dawn-Elise Snipes.mp4,Therapy__##__Mental Health
463,./Therapy/CBT/09-Happiness Isn't Brain Surgery Podcast Episode 42 -  Cognitive Distortions.mp4,Therapy__##__Mental Health
464,./Therapy/CBT/15-Metacognitive & CBT Tools to Address Anxiety & Depression.mp4,Therapy__##__Mental Health
465,./Therapy/Communication_Skills/5-247  Assertiveness Skills and Techniques.mp4,Therapy__##__Mental Health__##__Socializing
466,./Therapy/Communication_Skills/How To Speak by Patrick Winston-Unzc731iCUY.mp4,Therapy__##__Mental Health__##__Socializing
467,./Therapy/Communication_Skills/3-Group Activities for Developing Interpersonal Skills _ Counselor Toolbox Episode 166.mp4,Therapy__##__Mental Health__##__Socializing
468,./Therapy/Communication_Skills/2-Communication Skills Review.mp4,Therapy__##__Mental Health__##__Socializing
469,./Therapy/Communication_Skills/1-Counseling Communication Skills.mp4,Therapy__##__Mental Health__##__Socializing
470,./Therapy/Communication_Skills/6-Relationship Skills General Overview.mp4,Therapy__##__Mental Health__##__Socializing
471,./Therapy/Communication_Skills/4-Assertiveness.mp4,Therapy__##__Mental Health__##__Socializing
472,./Therapy/DBT/2-Understanding DBT Therapy- Overview and Case Formulation for Counseling CEUs for LPC and LMHC.mp4,Therapy__##__Mental Health
473,./Therapy/DBT/7-Dialectical Behavior Therapy Developing Distress Tolerance Skills with Dr. Dawn-Elise Snipes.mp4,Therapy__##__Mental Health
474,./Therapy/DBT/4-Dialectical Behavior Therapy (DBT) Skills _Mental Health CEUs for LPC and LCSW.mp4,Therapy__##__Mental Health
475,./Therapy/DBT/3-DBT Skills Emotion Regulation _ Counselor Toolbox Podcast with Dr. Dawn-Elise Snipes.mp4,Therapy__##__Mental Health
476,./Therapy/DBT/1-Dialectical Behavior Therapy DBT Made Simple - Counselor Toolbox Podcast with Dr. Dawn-Elise Snipes.mp4,Therapy__##__Mental Health
477,./Therapy/DBT/6-Dialectical Behavior Therapy Skills - Interpersonal Effectiveness.mp4,Therapy__##__Mental Health
478,./Therapy/DBT/5-Dialectical Behavior Therapy (DBT) Part 1 _  Continuing Education forMental Health Counselors.mp4,Therapy__##__Mental Health
479,./Study Notes- Joseph Rodriguez/The War Of Art by Steven Pressfield (Study Notes)-zYBnon8hzi4.mp4.part,General Knowledge
480,./Study Notes- Joseph Rodriguez/Think And Grow Rich by Napoleon Hill (2018)-nR2SuK_kglQ.mp4,General Knowledge
481,./Study Notes- Joseph Rodriguez/The Law of Success by Paramahansa Yogananda (Study Notes)-NZRlO-Dz-zA.mkv,General Knowledge
482,./Study Notes- Joseph Rodriguez/Autobiography of a Yogi by Paramahansa Yogananda (Study Notes)-ddIrJ2jNlwI.mkv,General Knowledge__##__Sprituality
483,./Study Notes- Joseph Rodriguez/The Power of Now By Eckhart Tolle (Study Notes)-fPKGvhMi7RI.mkv,General Knowledge__##__Sprituality
484,./Study Notes- Joseph Rodriguez/How to Live a Successful Life Through The Levels of Consciousness & Emotional Guidance Scale-u_QeKpkhE1g.mp4,General Knowledge__##__Sprituality
485,"./Study Notes- Joseph Rodriguez/Infinite 'Creative' Intelligence (Neville Goddard, Joseph Murphy, Paramahansa Yogananda)-M4w6QJ7BTY8.mkv",General Knowledge__##__Sprituality
486,./Study Notes- Joseph Rodriguez/Letting Go by David R. Hawkins (Study Notes)-xUttC4XxO9o.mkv,General Knowledge__##__Mental Health
487,./Study Notes- Joseph Rodriguez/Breaking The Habit of Being Yourself - How to Lose Your Mind and Create a New One by Dr. Joe Dispenza-trEM8I9CUmU.mp4,General Knowledge
488,./Study Notes- Joseph Rodriguez/The One Thing by Gary Keller (Study Notes)-AGYFzAuhaAI.mp4,General Knowledge
489,./Study Notes- Joseph Rodriguez/12 Rules For Life by Jordan Peterson (Study Notes)-Llrs7_twa4k.mkv,General Knowledge
490,./Study Notes- Joseph Rodriguez/How to Materialize Your Dreams by Paramahansa Yogananda-WD796kqo1Ck.webm,General Knowledge__##__Sprituality
491,./Study Notes- Joseph Rodriguez/The Secret Chapter by Napoleon Hill-UOLnQl7NrN4.mp4,General Knowledge
492,./Study Notes- Joseph Rodriguez/The Power Of Your Subconscious Mind by Joseph Murphy-bywvxEK9iwE.webm,General Knowledge__##__Mental Health
493,"./Study Notes- Joseph Rodriguez/The Universe is Mental (Paramahansa Yogananda, Neville Goddard,  Joseph Murphy, Charles F. Haanel)-wd2jIdt0Hn0.webm",General Knowledge__##__Mental Health
494,./Study Notes- Joseph Rodriguez/The Power of Awareness by Neville Goddard-w7OqEFc0Wrs.mkv,General Knowledge__##__Mental Health
495,./Study Notes- Joseph Rodriguez/The Game Of Life And How To Play It by Florence Scovel Shinn-747539BM290.mp4,General Knowledge
496,./Study Notes- Joseph Rodriguez/What To Say When You Talk To Yourself by Shad Helmstetter-Zm5J_Y-F1xU.mp4,General Knowledge__##__Mental Health
497,"./Study Notes- Joseph Rodriguez/Letting Go of Limiting Beliefs (Neville Goddard, David Hawkins, James Allen)-ApjIhJUJNhA.webm",General Knowledge__##__Mental Health
498,./Study Notes- Joseph Rodriguez/The Four Agreements by Don Miguel Ruiz-ZBwY1YHMZr4.mkv,General Knowledge
499,"./Study Notes- Joseph Rodriguez/Self-Control (Neville Goddard, Napoleon Hill)-uUEHEFWtI5Q.mp4",General Knowledge
500,./Study Notes- Joseph Rodriguez/How to Be Your Own Best Friend by Mildred Newman & Bernard Berkowitz-5feHBQT3bW0.mp4,General Knowledge
501,./Study Notes- Joseph Rodriguez/Flow By Mihaly Csikszentmihalyi (Study Notes)-_89Ph4LrEfI.mkv,General Knowledge__##__Mental Health
502,./Alan Watts~ The Art ofMeditation--TjCZRutOKY.m4a,Meditation
503,./Super power - Boost immune system - Breathing session-xBZInO0-ZHk.mp4,Meditation__##__Fitness
504,./A gift of Love-X-idP23bHCg.mp4,Sprituality__##__Chill Mix
505,"./Inner Worlds, Outer Worlds - Part 2 - The Spiral-ZIMoxXO0XvM.mp4",Sprituality
506,./ChakraMeditations/All About Ajna Chakra - Third Eye Energy Center - Shat Chakra Nirupanam-yisfy8VrE7w.mp4,Meditation
507,./ChakraMeditations/Throat Chakra/Throat Chakra Balancing Flow with Alissa Kepas - 7 Days of Chakra Balancing-RNr2v4xz4D0.mp4,Meditation
508,./ChakraMeditations/Throat Chakra/THROAT CHAKRA AFFIRMATIONS _ 14 Day Chakra Healing Camp Day#12-Qy_6uu0OSBA.mp4,Meditation
509,./ChakraMeditations/Throat Chakra/THROAT CHAKRA HEALING _ Guided ChantingMeditation _ CHAKRA HEALING CAMP DAY#5-8wB6YfELMrQ.mp4,Meditation
510,./ChakraMeditations/Throat Chakra/Throat Chakra Healing GuidedMeditation _ Healing Camp 2016 _ Day #5-QwzSOF9GEHo.mp4,Meditation
511,./ChakraMeditations/Solar Plexus Chakra/Solar Plexus Chakra Healing GuidedMeditation _ Healing Camp #3-Pz47Fv_TQDU.mp4,Meditation
512,./ChakraMeditations/Solar Plexus Chakra/Solar Plexus Chakra Flow with Andrew Sealy - 7 Days of Chakra Balancing-i1J6OIT9Vmo.mp4,Meditation
513,./ChakraMeditations/Solar Plexus Chakra/SOLAR PLEXUS CHAKRA HEALING _ Guided ChantingMeditation _ CHAKRA HEALING CAMP DAY#3-T_0-4Z4dPs8.mp4,Meditation
514,./ChakraMeditations/Solar Plexus Chakra/SOLAR PLEXUS CHAKRA AFFIRMATIONS _ 14 Chakra Healing Camp Day#10-8EdQ_3QzNr0.mp4,Meditation
515,./ChakraMeditations/ALL 7 CHAKRAS HEALING CHANTS _ Chakra Seed MantrasMeditation Music-b7JS0O3pFS8.mp4,Meditation
516,"./ChakraMeditations/The Seven Chakras, their Meanings, and More...-SW0bRpdPnUE.mp4",Meditation
517,./ChakraMeditations/Mysteries of Gayatri Mantra - Devi Gayatri Symbolism-f6dx2RbjLTo.mp4,Meditation__##__Sprituality
518,./ChakraMeditations/Branches Emerging Out of The Seven Chakras-6enbfqcn_H8.mp4,Meditation
519,./ChakraMeditations/Root Chakra/ROOT CHAKRA AFFIRMATIONS _ 14 Day Chakra Healing Camp Day#8-ph5lKkhVcHo.mp4,Meditation
520,./ChakraMeditations/Root Chakra/ROOT CHAKRA HEALING _ Guided ChantingMeditation _ CHAKRA HEALING CAMP DAY#1-8lE-Ze8VEms.mp4,Meditation
521,./ChakraMeditations/Root Chakra/Root Chakra Healing GuidedMeditation _ Healing Camp #1-JTqktSAmG30.mp4,Meditation
522,./ChakraMeditations/Root Chakra/Root Chakra Yoga Flow with Andrew Sealy - 7 Days of Chakra Balancing-HlAgfuLaHmY.mp4,Meditation
523,./ChakraMeditations/Mysteries of Gayatri Mantra - Origin & Usage-FOWu6O7jBjc.mp4,Meditation__##__Sprituality
524,./ChakraMeditations/Sacral Chakra/SACRAL CHAKRA HEALING _ Guided ChantingMeditation _ CHAKRA HEALING CAMP DAY#2-K7CtsSCInic.mp4,Meditation
525,./ChakraMeditations/Sacral Chakra/Sacral Chakra Healing GuidedMeditation _ Healing Camp #2-VRGs0GiR-QY.mp4,Meditation
526,./ChakraMeditations/Sacral Chakra/Sacral Chakra Yoga Flow with Alissa Kepas - 7 Days of Chakra Balancing-PF0OS7xjWuc.mp4,Meditation
527,./ChakraMeditations/Sacral Chakra/SACRAL CHAKRA AFFIRMATIONS _ 14 Day Chakra Healing Camp _ Day#9-51MGkAMUQ8w.mp4,Meditation
528,./ChakraMeditations/Unblock All 7 Chakras _ GuidedMeditation _ Healing Camp 2016 _ Day 16-4C0laqf93fg.mp4,Meditation
529,./ChakraMeditations/A Sensible Logic to the Existence of Chakras-dXlQnJoeCc8.mp4,Meditation__##__Sprituality__##__General Knowledge
530,./ChakraMeditations/Introducing 7 Days of Chakra Balancing!-FwzqEyPMOV4.mp4,Meditation
531,"./ChakraMeditations/How to Understand, Create & Benefit from Yantras-7tBWah2RmSw.mp4",Meditation__##__Sprituality__##__General Knowledge
532,./ChakraMeditations/Crown Chakra/Crown Chakra Balancing Flow with Alissa Kepas - 7 Days of Chakra Balancing-W14w6vvnD48.mp4,Meditation
533,./ChakraMeditations/Crown Chakra/CROWN CHAKRA AFFIRMATIONS _ 14 Day Chakra Healing Camp DAY#14-wX92AhqVLiA.mp4,Meditation
534,./ChakraMeditations/Crown Chakra/CROWN CHAKRA HEALING _ Guided ChantingMeditation _ CHAKRA HEALING CAMP DAY#7-Um1WRINtR6E.mp4,Meditation
535,./ChakraMeditations/Crown Chakra/Crown Chakra Healing GuidedMeditation _ Healing Camp 2016 _ Day #7-7ZpUUXNQW1E.mp4,Meditation
536,./ChakraMeditations/Shapes of the Divine- An Introduction to Tantra Shastra-lo07E0V6eag.mp4,Meditation__##__Sprituality__##__General Knowledge
537,./ChakraMeditations/Mysteries of Sushumna- Chitrini Nadi & Brahma Dwaram-4ynOd-D9pZw.mp4,Meditation__##__Sprituality__##__General Knowledge
538,./ChakraMeditations/Complete Description& Activation of Sexual Centre- svAdhiShThAna-vo58Z1kaN4M.mp4,Meditation__##__Sprituality__##__General Knowledge
539,"./ChakraMeditations/Manipuraka - Chakra of Fire, Hunger & Ambition-JA_jm9iu28Q.mp4",Meditation__##__Sprituality__##__General Knowledge
540,./ChakraMeditations/Complete Description& Activation of Anahata Chakra- Heart Center-D_Yyz1NCiHM.mp4,Meditation__##__Sprituality__##__General Knowledge
541,./ChakraMeditations/Third Eye Chakra/THIRD EYE CHAKRA AFFIRMATIONS _ 14 Day Chakra Healing Camp _ Day#13-v3IbKH1R2OA.mp4,Meditation
542,./ChakraMeditations/Third Eye Chakra/THIRD EYE CHAKRA HEALING _ Guided ChantingMeditation _ CHAKRA HEALING CAMP DAY#6-uNPM6uZzM3U.mp4,Meditation
543,./ChakraMeditations/Third Eye Chakra/Third Eye Chakra Balancing Yoga Flow with Andrew Sealy - 7 Days of Chakra Balancing-k3Qg46C2Z1w.mp4,Meditation
544,./ChakraMeditations/Third Eye Chakra/Third Eye Chakra Healing GuidedMeditation _ Healing Camp 2016 _ Day #6-IpbXlN2duKk.mp4,Meditation
545,./ChakraMeditations/Complete Description& Activation of Muladhara from Shat Chakra Nirupanam-hbU3lfsiPm8.mp4,Meditation__##__Sprituality__##__General Knowledge
546,./ChakraMeditations/Heart Chakra/HEART CHAKRA AFFIRMATIONS _ 14 Day Chakra Healing Camp Day#11-h-MQ634Lg2w.mp4,Meditation
547,./ChakraMeditations/Heart Chakra/Heart Chakra Healing GuidedMeditation _ Healing Camp #4-tDWoIAITBiY.mp4,Meditation
548,./ChakraMeditations/Heart Chakra/HEART CHAKRA HEALING _ Guided ChantingMeditation _ CHAKRA HEALING CAMP DAY#4-jVBKgEJvAEc.mp4,Meditation
549,./ChakraMeditations/Heart Chakra/Heart Chakra Balancing Flow with Andrew Sealy - 7 Days of Chakra Balancing-w60-Q0zRkh4.mp4,Meditation
550,"./What Are Common Signs Of Immaturity_ 15 Traits That Mean You Have Some Growing Up To Do, According To Reddit.pdf",General Knowledge__##__Professionalism
551,./Time to Escape _ BeautifulChill Mix-K9mNaZRDhUk.m4a,Chill Mix
552,./Peaceful Ambient Background Music - This Fascinating world-hhe9NYL8XOU.m4a,Chill Mix
553,./Drukama_Radio/Drukama Radio EP14 - Spiritual Enlightenment and its Stages-FUfOsr3unk4.mp4,General Knowledge__##__Sprituality
554,./Drukama_Radio/Drukama Radio™ EP43 - Voices of Drukama - My Journey - Sarahiyahu-HyFsFg73-Lo.mp4,General Knowledge__##__Sprituality
555,"./Drukama_Radio/Drukama Radio EP10 - Mailbag - Carry Water, Chop Wood-8tdVQOw2gpE.mp4",General Knowledge__##__Sprituality
556,./Drukama_Radio/Drukama Radio EP08 - Using Four Step Insight-45QSDKHReUc.mp4,General Knowledge__##__Sprituality
557,./Drukama_Radio/Drukama Radio™ EP35 - Voices of Drukama - My Journey - Mariyah-tRd7NleB4YM.mp4,General Knowledge__##__Sprituality
558,./Drukama_Radio/Drukama Radio™ Ep47 - The Hidden Secrets of Creating Reality-EjVTUWhIvHs.mp4,General Knowledge__##__Sprituality
559,./Drukama_Radio/Drukama Radio™ EP32 - Reincarnation and the Karmic Imprint-jz9JvQMLbqo.mp4,General Knowledge__##__Sprituality
560,./Drukama_Radio/Drukama Radio EP16 - What is the Mind-Stream-Ies7QjQAExY.mp4,General Knowledge__##__Sprituality
561,./Drukama_Radio/Drukama Radio EP13 - Understanding Emotional Energy-lca7lhVIgxQ.mp4,General Knowledge__##__Sprituality
562,./Drukama_Radio/Drukama Radio™ EP38 - Voices of Drukama - My Journey - Yaheliyahu _ Drukama Teachings™-lcM3fvI0m8c.mp4,General Knowledge__##__Sprituality
563,./Drukama_Radio/Drukama Radio EP11 - The Importance of Intention and Devotion-EslWmVj3Rew.mp4,General Knowledge__##__Sprituality
564,./Drukama_Radio/Drukama Radio™ EP48 - Voices of Drukama - My Journey - Elahiyah-yCAiqdNMXeM.mp4,General Knowledge__##__Sprituality
565,./Drukama_Radio/Drukama Radio EP05 - Understanding Attachment and Entanglement-x2DVT0NoyGs.mp4,General Knowledge__##__Sprituality
566,./Drukama_Radio/Drukama Radio EP22 - The Secret Fire-42Ag0uw6DcM.mp4,General Knowledge__##__Sprituality
567,./Drukama_Radio/Drukama Radio™ EP45 - The Secret of Secrets-UkzfQhM0dKg.mp4,General Knowledge__##__Sprituality
568,./Drukama_Radio/Drukama Radio EP04 - A Deeper Look at Shiva and Shakti-BONhm6TpTqs.mp4,General Knowledge__##__Sprituality
569,./Drukama_Radio/Drukama Radio™ EP33 - Secrets of Kundalini-LrXEyFCggz0.mp4,General Knowledge__##__Sprituality
570,./Drukama_Radio/Drukama Radio™ Ep41 - Spirits and Interdimensional Beings-WkUMvXSoeHQ.mp4,General Knowledge__##__Sprituality
571,./Drukama_Radio/Drukama Radio EP15 - What is Realization-Ef6N_7yH3LU.mp4,General Knowledge__##__Sprituality
572,./Drukama_Radio/Drukama Radio™ Ep39 - The Process of Dying-jl507ShH0Is.mp4,General Knowledge__##__Sprituality
573,./Drukama_Radio/Drukama Radio™ EP30 - The Nature of Siddhis _ Spiritual 'Powers'-cIdbyazcJ9w.mp4,General Knowledge__##__Sprituality
574,./Drukama_Radio/Drukama Radio EP02 - Understanding Karma and Karmic Seeds-hjClTj6LEdw.mp4,General Knowledge__##__Sprituality
575,./Drukama_Radio/Drukama Radio EP06 - Bliss and Happiness on the Path 01-YI6fhmJj0J8.mp4,General Knowledge__##__Sprituality
576,./Drukama_Radio/Drukama Radio EP28 - Introducing Drukama.com-x-wNDYlVau0.mp4,General Knowledge__##__Sprituality
577,./Drukama_Radio/Drukama Radio™ EP29 - Drukama and the Traditions-xG8XhkdHvZY.mp4,General Knowledge__##__Sprituality
578,"./Drukama_Radio/Drukama Radio EP12 - The Nature of Perception, the Self, and the Senses-53TD8SvwuhY.mp4",General Knowledge__##__Sprituality
579,./Drukama_Radio/Drukama Radio™ Ep51 - How the Mind Creates the Illusion of Bondage-ufTUObmFX9Y.mp4,General Knowledge__##__Sprituality
580,./Drukama_Radio/Drukama Radio™ Ep50 - How Your Emotions Relate to Desire and Fulfillment-1aDXpnFqhIc.mp4,General Knowledge__##__Sprituality
581,./Drukama_Radio/Drukama Radio™ EP40 - Voices of Drukama - My Journey - Niels _ Drukama Teachings™-vTTOtwgBv6s.mp4,General Knowledge__##__Sprituality
582,./Drukama_Radio/Drukama Radio EP24 - The Real Process OfMeditation-EP59HvzJXIY.mp4,General Knowledge__##__Sprituality
583,./Drukama_Radio/Drukama Radio EP09 - Mailbag - Relationships-GiSr_I5_w84.mp4,General Knowledge__##__Sprituality
584,./Drukama_Radio/Drukama Radio EP18 - What is the Process of the Spiritual Path-IgfDDZ5UZg4.mp4,General Knowledge__##__Sprituality
585,./Drukama_Radio/Drukama Radio™ EP44 - Non-Duality and Advaita-GCEcBGz4hmY.mp4,General Knowledge__##__Sprituality
586,"./Drukama_Radio/Drukama Radio™ EP52 - Awareness, Death and Rebirth-iQrY9Y37WX0.mp4",General Knowledge__##__Sprituality
587,./Drukama_Radio/Drukama Radio EP07 - Bliss and Happiness on the Path 02-krZ8PB7Wi5E.mp4,General Knowledge__##__Sprituality
588,./Drukama_Radio/Drukama Radio™ EP46 - Dreaming and the Astral Worlds--SRHq0X4eK0.mp4,General Knowledge__##__Sprituality
589,./Drukama_Radio/Drukama Radio EP03 - Mother and Father Energies-tn_EaDRfDkM.mp4,General Knowledge__##__Sprituality
590,./Drukama_Radio/Drukama Radio EP25 - The Spiritual Bodies-HgoGV_RX0IE.mp4,General Knowledge__##__Sprituality
591,./Drukama_Radio/Drukama Radio™ EP53 - How We Got Trapped in the Illusory Prison-A_OXjuHpEhY.mp4,General Knowledge__##__Sprituality
592,./Drukama_Radio/Drukama Radio™ EP42 - Direct Experience and the Path-0XsTG_Aawys.mp4,General Knowledge__##__Sprituality
593,./Drukama_Radio/Drukama Radio EP17 - What is the Illusory Self-SG_HP7lrgQc.mp4,General Knowledge__##__Sprituality
594,./Drukama_Radio/Drukama Radio EP23 - Concentration And InsightMeditation-aEdJkXdhTg8.mp4,General Knowledge__##__Sprituality
595,./Drukama_Radio/Drukama Radio™ EP34 - Relationships and Ego-Selfing-CZID6v14SZs.mp4,General Knowledge__##__Sprituality
596,./Drukama_Radio/Drukama Radio™ EP36 - Tummo and Balloon Breathing-hlGFb7mqQq0.mp4,General Knowledge__##__Sprituality
597,./Drukama_Radio/Drukama Radio™ EP31 - Failure and the Path-E37UTTLn1pg.mp4,General Knowledge__##__Sprituality
598,./Drukama_Radio/Drukama Radio™ Ep37 - Kundalini and the Root Chakra-BtmV40J9lwI.mp4,General Knowledge__##__Sprituality
599,./Drukama_Radio/Drukama Radio EP20 - What is Habit Energy How Do We Lose It-84tBnYW_jnE.mp4,General Knowledge__##__Sprituality
600,"./Drukama_Radio/Drukama Radio EP01 - Will and Intention, and the Path-24ADuX9LezY.mp4",General Knowledge__##__Sprituality
601,./Drukama_Radio/Drukama Radio EP26 - Brainwaves and Subtle Energies-9bojarPOo8M.mp4,General Knowledge__##__Sprituality
602,./Drukama_Radio/Drukama Radio EP27 - The Process of Magic-IvlCe-lyXUY.mp4,General Knowledge__##__Sprituality
603,./Drukama_Radio/Drukama Radio™ Ep49 - Your Personality and How They Control You With It-gZFvKNmNhkM.mp4,General Knowledge__##__Sprituality
604,./Drukama_Radio/Drukama Radio EP21 - What are the Inner Elements How Do We Use Them-XrtVXpTLQsw.mp4,General Knowledge__##__Sprituality
605,./Drukama_Radio/Drukama Radio EP19 - What is Spiritual Knowledge How Do We Gain It-G5mw-6iQSEw.mp4,General Knowledge__##__Sprituality
606,./Bhagwas Gita Recitations/Learn BhagavadGita with Narration of Meanings - Chapter 3-lnEV82Pmfys.mp4,Sprituality
607,./Bhagwas Gita Recitations/Learn BhagavadGita with Narration of Meanings - Chapter 10-0butu8x_8nY.mp4,Sprituality
608,./Bhagwas Gita Recitations/Learn BhagavadGita with Narration of Meanings - Chapter 12-2dV49i79lNg.mp4,Sprituality
609,./Bhagwas Gita Recitations/Learn BhagavadGita with Narration of Meanings - Chapter 6-Sb4UsflFpJ8.mp4,Sprituality
610,./Bhagwas Gita Recitations/Learn BhagavadGita with Narration of Meanings - Chapter 11-hbXijZroSG0.mp4,Sprituality
611,./Bhagwas Gita Recitations/Learn BhagavadGita with Narration of Meanings - Chapter 14-3eMx7AsnkWc.mp4,Sprituality
612,./Bhagwas Gita Recitations/Learn BhagavadGita with Narration of Meanings - Chapter 15-e7VyVrmEVRs.mp4,Sprituality
613,./Bhagwas Gita Recitations/Learn BhagavadGita with Narration of Meanings - Chapter 2-gHxslLYlyxo.mp4,Sprituality
614,./Bhagwas Gita Recitations/Learn BhagavadGita with Narration of Meanings - Chapter 13-u63_u5ZzH7s.mp4,Sprituality
615,./Bhagwas Gita Recitations/Learn Bhagavadita with Narration of Meanings - Chapter 17-srwhgoNJqCY.mp4,Sprituality
616,./Bhagwas Gita Recitations/Learn BhagavadGita with Narration of Meanings - Chapter 7-zAkyhKhZ6xM.mp4,Sprituality
617,./Bhagwas Gita Recitations/Learn BhagavadGita with Narration of Meanings - Chapter 4-BKtUo4qkwZE.mp4,Sprituality
618,./Bhagwas Gita Recitations/Learn Bhagavadita with Narration of Meanings - Chapter 18-gaMlVUe7NeE.mp4,Sprituality
619,./Bhagwas Gita Recitations/Learn BhagavadGita with Narration of Meanings - Chapter 16-uxIEmiv70EY.mp4,Sprituality
620,./Bhagwas Gita Recitations/Learn BhagavadGita with Narration of Meanings - Chapter 5-FZjH8FNX4YY.mp4,Sprituality
621,./Bhagwas Gita Recitations/Learn BhagavadGita with Narration of Meanings - Chapter 9-obRUHaSD7tA.mp4,Sprituality
622,./Bhagwas Gita Recitations/Learn BhagavadGita with Narration of Meanings - Chapter 8-lSXkM39_Pas.mp4,Sprituality
623,./Bhagwas Gita Recitations/Learn BhagavadGita with Narration of Meanings - Chapter 1-vhoNZeR138k.mp4,Sprituality
624,"./Seven steps to reduce your ego, _ Mediums World.pdf",General Knowledge__##__Professionalism
